Metric,Value
Total,110526.0
Attended,88207.0
Missed,22319.0
Show Rate,0.7980656135208005
No-Show Rate,0.20193438647919945
